exp_id,cr_A,cr_B,abs_lift,z_score,p_value,prob_B_wins,median_lift,p05,p95
EXP001,0.025546559636683747,0.01785410644448223,-0.007692453192201517,-7.3700781265454145,1.7053025658242404e-13,0.0,-0.300152562051622,-0.35498972512455734,-0.24224899242691308
